timestamp,total_consumption_mw,residential_mw,commercial_mw,industrial_mw,grid_frequency_hz,voltage_kv
2025-05-30 19:13:06.302036,13940.3,6273.13,4879.1,2788.06,49.99,133.3
2025-05-30 20:13:06.302036,14638.32,6587.24,5123.41,2927.66,49.98,131.5
2025-05-30 21:13:06.302036,14676.53,6604.44,5136.79,2935.31,50.08,131.1
2025-05-30 22:13:06.302036,13971.48,6287.17,4890.02,2794.3,49.95,131.1
2025-05-30 23:13:06.302036,9833.6,4425.12,3441.76,1966.72,49.81,128.6
2025-05-31 00:13:06.302036,4815.87,2167.14,1685.56,963.17,49.9,132.6
2025-05-31 01:13:06.302036,4730.21,2128.6,1655.58,946.04,49.86,134.9
2025-05-31 02:13:06.302036,4899.25,2204.66,1714.74,979.85,50.01,129.2
2025-05-31 03:13:06.302036,4820.31,2169.14,1687.11,964.06,50.01,129.7
2025-05-31 04:13:06.302036,5048.27,2271.72,1766.89,1009.65,49.94,131.4
2025-05-31 05:13:06.302036,4806.11,2162.75,1682.14,961.22,50.19,132.0
2025-05-31 06:13:06.302036,10168.44,4575.8,3558.96,2033.69,50.08,129.6
2025-05-31 07:13:06.302036,10848.36,4881.76,3796.92,2169.67,49.8,129.3
2025-05-31 08:13:06.302036,10841.91,4878.86,3794.67,2168.38,50.07,132.3
2025-05-31 09:13:06.302036,10674.15,4803.37,3735.95,2134.83,49.97,129.0
2025-05-31 10:13:06.302036,7961.4,3582.63,2786.49,1592.28,49.95,134.1
2025-05-31 11:13:06.302036,8400.53,3780.24,2940.19,1680.11,49.82,132.6
2025-05-31 12:13:06.302036,8099.63,3644.83,2834.87,1619.93,49.93,133.2
2025-05-31 13:13:06.302036,8684.38,3907.97,3039.53,1736.88,50.09,130.3
2025-05-31 14:13:06.302036,8130.96,3658.93,2845.84,1626.19,50.03,134.0
2025-05-31 15:13:06.302036,8060.78,3627.35,2821.27,1612.16,49.98,129.8
2025-05-31 16:13:06.302036,7764.69,3494.11,2717.64,1552.94,50.08,134.7
2025-05-31 17:13:06.302036,8228.91,3703.01,2880.12,1645.78,50.1,132.7
2025-05-31 18:13:06.302036,11189.15,5035.12,3916.2,2237.83,50.04,135.1
2025-05-31 19:13:06.302036,11541.39,5193.63,4039.49,2308.28,50.16,126.8
2025-05-31 20:13:06.302036,12037.25,5416.76,4213.04,2407.45,50.01,131.4
2025-05-31 21:13:06.302036,11615.15,5226.82,4065.3,2323.03,49.8,131.6
2025-05-31 22:13:06.302036,11768.55,5295.85,4118.99,2353.71,50.15,131.0
2025-05-31 23:13:06.302036,7924.79,3566.16,2773.68,1584.96,49.95,133.8
2025-06-01 00:13:06.302036,5036.64,2266.49,1762.82,1007.33,49.95,133.0
2025-06-01 01:13:06.302036,4979.24,2240.66,1742.73,995.85,50.1,130.6
2025-06-01 02:13:06.302036,4874.0,2193.3,1705.9,974.8,49.96,129.1
2025-06-01 03:13:06.302036,5028.55,2262.85,1759.99,1005.71,50.03,132.0
2025-06-01 04:13:06.302036,4897.06,2203.68,1713.97,979.41,49.86,131.2
2025-06-01 05:13:06.302036,4870.28,2191.62,1704.6,974.06,49.92,131.7
2025-06-01 06:13:06.302036,10953.14,4928.91,3833.6,2190.63,50.19,132.3
2025-06-01 07:13:06.302036,10874.49,4893.52,3806.07,2174.9,49.99,128.2
2025-06-01 08:13:06.302036,10722.0,4824.9,3752.7,2144.4,50.01,136.9
2025-06-01 09:13:06.302036,10632.97,4784.84,3721.54,2126.59,50.03,131.9
2025-06-01 10:13:06.302036,7776.06,3499.23,2721.62,1555.21,50.11,133.5
2025-06-01 11:13:06.302036,8585.29,3863.38,3004.85,1717.06,49.91,134.8
2025-06-01 12:13:06.302036,7679.77,3455.9,2687.92,1535.95,50.06,136.4
2025-06-01 13:13:06.302036,7849.62,3532.33,2747.37,1569.92,49.94,132.2
2025-06-01 14:13:06.302036,8050.74,3622.83,2817.76,1610.15,49.84,132.1
2025-06-01 15:13:06.302036,7819.98,3518.99,2736.99,1564.0,50.05,130.2
2025-06-01 16:13:06.302036,8898.66,4004.4,3114.53,1779.73,49.92,131.4
2025-06-01 17:13:06.302036,8594.57,3867.56,3008.1,1718.91,49.88,132.5
2025-06-01 18:13:06.302036,12317.77,5542.99,4311.22,2463.55,49.84,132.4
2025-06-01 19:13:06.302036,11712.34,5270.55,4099.32,2342.47,50.08,129.5
2025-06-01 20:13:06.302036,10798.74,4859.43,3779.56,2159.75,50.05,132.6
2025-06-01 21:13:06.302036,11706.91,5268.11,4097.42,2341.38,50.03,130.6
2025-06-01 22:13:06.302036,11696.37,5263.37,4093.73,2339.27,50.03,130.6
2025-06-01 23:13:06.302036,9029.08,4063.09,3160.18,1805.82,50.05,129.6
2025-06-02 00:13:06.302036,6021.0,2709.45,2107.35,1204.2,49.9,133.6
2025-06-02 01:13:06.302036,6167.34,2775.3,2158.57,1233.47,49.92,133.9
2025-06-02 02:13:06.302036,5949.95,2677.48,2082.48,1189.99,50.08,135.8
2025-06-02 03:13:06.302036,5758.1,2591.15,2015.34,1151.62,49.92,130.2
2025-06-02 04:13:06.302036,5591.84,2516.33,1957.14,1118.37,49.99,132.7
2025-06-02 05:13:06.302036,5910.28,2659.63,2068.6,1182.06,50.08,132.0
2025-06-02 06:13:06.302036,13548.84,6096.98,4742.09,2709.77,49.97,137.4
2025-06-02 07:13:06.302036,13026.0,5861.7,4559.1,2605.2,49.91,129.9
2025-06-02 08:13:06.302036,12935.57,5821.01,4527.45,2587.11,49.98,133.4
2025-06-02 09:13:06.302036,12929.74,5818.38,4525.41,2585.95,49.99,130.3
2025-06-02 10:13:06.302036,8980.13,4041.06,3143.05,1796.03,49.96,133.7
2025-06-02 11:13:06.302036,9820.06,4419.03,3437.02,1964.01,49.88,132.3
2025-06-02 12:13:06.302036,9903.24,4456.46,3466.13,1980.65,49.91,132.3
2025-06-02 13:13:06.302036,9744.33,4384.95,3410.52,1948.87,49.89,132.7
2025-06-02 14:13:06.302036,9988.48,4494.82,3495.97,1997.7,50.11,134.1
2025-06-02 15:13:06.302036,9046.78,4071.05,3166.37,1809.36,49.91,133.0
2025-06-02 16:13:06.302036,9965.65,4484.54,3487.98,1993.13,50.05,139.7
2025-06-02 17:13:06.302036,9993.39,4497.03,3497.69,1998.68,50.11,133.9
2025-06-02 18:13:06.302036,14045.5,6320.47,4915.92,2809.1,49.97,133.5
2025-06-02 19:13:06.302036,13076.85,5884.58,4576.9,2615.37,49.98,131.0
2025-06-02 20:13:06.302036,13658.16,6146.17,4780.35,2731.63,50.23,128.3
2025-06-02 21:13:06.302036,14069.21,6331.15,4924.22,2813.84,49.84,131.1
2025-06-02 22:13:06.302036,14343.09,6454.39,5020.08,2868.62,50.01,129.8
2025-06-02 23:13:06.302036,9368.55,4215.85,3278.99,1873.71,50.07,130.5
2025-06-03 00:13:06.302036,5892.72,2651.73,2062.45,1178.54,50.0,130.7
2025-06-03 01:13:06.302036,6454.55,2904.55,2259.09,1290.91,50.06,127.9
2025-06-03 02:13:06.302036,5883.98,2647.79,2059.39,1176.8,49.93,133.7
2025-06-03 03:13:06.302036,5598.63,2519.38,1959.52,1119.73,49.99,133.0
2025-06-03 04:13:06.302036,6081.98,2736.89,2128.69,1216.4,49.88,131.3
2025-06-03 05:13:06.302036,5691.19,2561.04,1991.92,1138.24,49.93,135.5
2025-06-03 06:13:06.302036,12886.63,5798.98,4510.32,2577.33,49.87,133.8
2025-06-03 07:13:06.302036,13971.1,6286.99,4889.88,2794.22,50.1,129.0
2025-06-03 08:13:06.302036,12325.05,5546.27,4313.77,2465.01,50.13,130.6
2025-06-03 09:13:06.302036,12911.16,5810.02,4518.91,2582.23,50.08,130.1
2025-06-03 10:13:06.302036,9687.13,4359.21,3390.5,1937.43,49.68,130.0
2025-06-03 11:13:06.302036,9593.35,4317.01,3357.67,1918.67,49.88,135.3
2025-06-03 12:13:06.302036,9021.28,4059.58,3157.45,1804.26,49.96,132.3
2025-06-03 13:13:06.302036,10416.23,4687.3,3645.68,2083.25,49.86,134.3
2025-06-03 14:13:06.302036,9721.02,4374.46,3402.36,1944.2,49.9,132.9
2025-06-03 15:13:06.302036,9812.75,4415.74,3434.46,1962.55,49.94,132.1
2025-06-03 16:13:06.302036,9528.86,4287.99,3335.1,1905.77,50.01,133.3
2025-06-03 17:13:06.302036,10486.54,4718.94,3670.29,2097.31,49.88,136.3
2025-06-03 18:13:06.302036,12274.81,5523.66,4296.18,2454.96,49.98,133.2
2025-06-03 19:13:06.302036,13793.58,6207.11,4827.75,2758.72,49.94,131.6
2025-06-03 20:13:06.302036,13267.17,5970.23,4643.51,2653.43,49.94,133.7
2025-06-03 21:13:06.302036,13845.29,6230.38,4845.85,2769.06,49.93,133.8
2025-06-03 22:13:06.302036,13811.47,6215.16,4834.02,2762.29,50.08,133.3
2025-06-03 23:13:06.302036,9313.32,4191.0,3259.66,1862.66,49.94,133.5
2025-06-04 00:13:06.302036,6007.54,2703.39,2102.64,1201.51,50.0,132.2
2025-06-04 01:13:06.302036,6202.05,2790.92,2170.72,1240.41,49.94,133.1
2025-06-04 02:13:06.302036,5770.7,2596.81,2019.74,1154.14,49.98,134.2
2025-06-04 03:13:06.302036,6070.22,2731.6,2124.58,1214.04,50.08,134.6
2025-06-04 04:13:06.302036,5835.75,2626.09,2042.51,1167.15,50.07,131.4
2025-06-04 05:13:06.302036,5924.12,2665.85,2073.44,1184.82,49.99,132.2
2025-06-04 06:13:06.302036,13006.73,5853.03,4552.36,2601.35,49.92,136.2
2025-06-04 07:13:06.302036,11995.52,5397.99,4198.43,2399.1,49.88,134.3
2025-06-04 08:13:06.302036,13130.84,5908.88,4595.79,2626.17,50.06,133.3
2025-06-04 09:13:06.302036,12623.13,5680.41,4418.1,2524.63,49.91,132.2
2025-06-04 10:13:06.302036,9387.08,4224.19,3285.48,1877.42,50.1,131.7
2025-06-04 11:13:06.302036,9315.02,4191.76,3260.26,1863.0,49.97,132.8
2025-06-04 12:13:06.302036,9442.19,4248.99,3304.77,1888.44,49.92,132.5
2025-06-04 13:13:06.302036,9835.06,4425.78,3442.27,1967.01,49.95,131.1
2025-06-04 14:13:06.302036,9828.78,4422.95,3440.07,1965.76,49.86,129.2
2025-06-04 15:13:06.302036,9367.03,4215.16,3278.46,1873.41,49.98,132.6
2025-06-04 16:13:06.302036,10432.78,4694.75,3651.47,2086.56,50.09,131.7
2025-06-04 17:13:06.302036,9706.81,4368.07,3397.38,1941.36,49.9,132.0
2025-06-04 18:13:06.302036,13406.15,6032.77,4692.15,2681.23,50.03,130.3
2025-06-04 19:13:06.302036,13955.69,6280.06,4884.49,2791.14,50.15,131.8
2025-06-04 20:13:06.302036,13875.68,6244.06,4856.49,2775.14,50.07,131.2
2025-06-04 21:13:06.302036,13754.88,6189.7,4814.21,2750.98,50.0,132.2
2025-06-04 22:13:06.302036,13076.73,5884.53,4576.86,2615.35,50.0,133.0
2025-06-04 23:13:06.302036,10421.02,4689.46,3647.36,2084.2,50.1,136.3
2025-06-05 00:13:06.302036,5605.96,2522.68,1962.09,1121.19,50.09,132.4
2025-06-05 01:13:06.302036,6467.92,2910.56,2263.77,1293.58,49.92,130.3
2025-06-05 02:13:06.302036,5654.92,2544.71,1979.22,1130.98,49.79,130.9
2025-06-05 03:13:06.302036,5608.36,2523.76,1962.93,1121.67,50.02,132.7
2025-06-05 04:13:06.302036,6376.5,2869.42,2231.77,1275.3,50.1,130.8
2025-06-05 05:13:06.302036,5567.76,2505.49,1948.72,1113.55,50.05,129.4
2025-06-05 06:13:06.302036,13787.51,6204.38,4825.63,2757.5,50.12,131.1
2025-06-05 07:13:06.302036,11548.95,5197.03,4042.13,2309.79,50.14,131.8
2025-06-05 08:13:06.302036,13412.6,6035.67,4694.41,2682.52,49.84,130.8
2025-06-05 09:13:06.302036,12634.18,5685.38,4421.96,2526.84,50.0,131.1
2025-06-05 10:13:06.302036,10018.63,4508.38,3506.52,2003.73,49.89,131.7
2025-06-05 11:13:06.302036,9774.49,4398.52,3421.07,1954.9,50.05,133.4
2025-06-05 12:13:06.302036,9169.7,4126.36,3209.39,1833.94,49.85,134.6
2025-06-05 13:13:06.302036,9877.49,4444.87,3457.12,1975.5,49.93,135.1
2025-06-05 14:13:06.302036,9772.25,4397.51,3420.29,1954.45,50.12,132.1
2025-06-05 15:13:06.302036,10717.17,4822.73,3751.01,2143.43,50.18,131.5
2025-06-05 16:13:06.302036,10188.04,4584.62,3565.81,2037.61,50.06,134.7
2025-06-05 17:13:06.302036,9247.29,4161.28,3236.55,1849.46,50.07,134.1
2025-06-05 18:13:06.302036,12406.31,5582.84,4342.21,2481.26,49.88,127.9
2025-06-05 19:13:06.302036,13419.24,6038.66,4696.73,2683.85,50.07,135.0
2025-06-05 20:13:06.302036,13652.86,6143.79,4778.5,2730.57,50.16,129.2
2025-06-05 21:13:06.302036,12443.96,5599.78,4355.39,2488.79,49.99,132.8
2025-06-05 22:13:06.302036,13580.23,6111.11,4753.08,2716.05,49.79,131.8
2025-06-05 23:13:06.302036,9082.34,4087.05,3178.82,1816.47,50.07,132.7
2025-06-06 00:13:06.302036,5555.67,2500.05,1944.49,1111.13,49.95,129.9
2025-06-06 01:13:06.302036,5811.36,2615.11,2033.98,1162.27,50.1,130.0
2025-06-06 02:13:06.302036,5976.55,2689.45,2091.79,1195.31,49.95,130.4
2025-06-06 03:13:06.302036,5798.43,2609.29,2029.45,1159.69,49.9,130.9
2025-06-06 04:13:06.302036,5480.47,2466.21,1918.16,1096.09,50.2,132.1
2025-06-06 05:13:06.302036,5625.67,2531.55,1968.99,1125.13,50.02,131.8
2025-06-06 06:13:06.302036,12491.31,5621.09,4371.96,2498.26,50.06,133.5
2025-06-06 07:13:06.302036,12295.83,5533.12,4303.54,2459.17,49.94,131.4
2025-06-06 08:13:06.302036,11177.1,5029.7,3911.99,2235.42,49.85,134.7
2025-06-06 09:13:06.302036,13669.73,6151.38,4784.41,2733.95,49.98,133.2
2025-06-06 10:13:06.302036,9867.26,4440.27,3453.54,1973.45,50.31,134.2
2025-06-06 11:13:06.302036,9653.91,4344.26,3378.87,1930.78,49.9,128.8
2025-06-06 12:13:06.302036,9814.89,4416.7,3435.21,1962.98,49.92,129.2
2025-06-06 13:13:06.302036,9401.94,4230.87,3290.68,1880.39,49.89,135.4
2025-06-06 14:13:06.302036,10144.35,4564.96,3550.52,2028.87,50.0,135.0
2025-06-06 15:13:06.302036,9753.64,4389.14,3413.77,1950.73,49.91,135.0
2025-06-06 16:13:06.302036,9977.85,4490.03,3492.25,1995.57,49.9,131.6
2025-06-06 17:13:06.302036,9290.67,4180.8,3251.74,1858.13,49.86,133.9
2025-06-06 18:13:06.302036,14901.11,6705.5,5215.39,2980.22,49.86,133.1
2025-06-06 19:13:06.302036,13159.95,5921.98,4605.98,2631.99,49.95,130.8
2025-06-06 20:13:06.302036,13014.85,5856.68,4555.2,2602.97,50.0,130.3
2025-06-06 21:13:06.302036,13786.42,6203.89,4825.25,2757.28,49.99,131.5
2025-06-06 22:13:06.302036,12985.22,5843.35,4544.83,2597.04,49.94,133.5
2025-06-06 23:13:06.302036,9959.4,4481.73,3485.79,1991.88,49.9,132.2
2025-06-07 00:13:06.302036,5141.35,2313.61,1799.47,1028.27,49.83,133.1
2025-06-07 01:13:06.302036,4791.01,2155.96,1676.86,958.2,50.06,130.5
2025-06-07 02:13:06.302036,4508.01,2028.6,1577.8,901.6,49.84,132.1
2025-06-07 03:13:06.302036,5019.53,2258.79,1756.84,1003.91,49.91,133.3
2025-06-07 04:13:06.302036,4543.53,2044.59,1590.24,908.71,49.99,129.6
2025-06-07 05:13:06.302036,4793.69,2157.16,1677.79,958.74,50.0,130.3
2025-06-07 06:13:06.302036,10529.8,4738.41,3685.43,2105.96,50.1,130.8
2025-06-07 07:13:06.302036,11184.85,5033.18,3914.7,2236.97,49.89,133.1
2025-06-07 08:13:06.302036,11510.09,5179.54,4028.53,2302.02,49.75,130.4
2025-06-07 09:13:06.302036,11046.02,4970.71,3866.11,2209.2,49.98,132.7
2025-06-07 10:13:06.302036,8009.24,3604.16,2803.23,1601.85,50.01,131.7
2025-06-07 11:13:06.302036,8740.86,3933.39,3059.3,1748.17,50.03,132.7
2025-06-07 12:13:06.302036,8088.57,3639.85,2831.0,1617.71,49.95,131.1
2025-06-07 13:13:06.302036,8421.53,3789.69,2947.53,1684.31,49.96,132.6
2025-06-07 14:13:06.302036,9115.64,4102.04,3190.48,1823.13,50.09,131.3
2025-06-07 15:13:06.302036,8754.66,3939.6,3064.13,1750.93,49.96,127.9
2025-06-07 16:13:06.302036,7842.37,3529.07,2744.83,1568.47,49.81,131.3
2025-06-07 17:13:06.302036,8266.25,3719.81,2893.19,1653.25,50.17,132.7
2025-06-07 18:13:06.302036,11435.44,5145.95,4002.4,2287.09,50.08,127.6
2025-06-07 19:13:06.302036,11698.31,5264.24,4094.41,2339.66,50.08,129.0
2025-06-07 20:13:06.302036,12223.31,5500.49,4278.16,2444.66,50.03,131.2
2025-06-07 21:13:06.302036,11927.91,5367.56,4174.77,2385.58,50.23,132.4
2025-06-07 22:13:06.302036,11705.6,5267.52,4096.96,2341.12,49.95,130.3
2025-06-07 23:13:06.302036,8601.52,3870.68,3010.53,1720.3,49.91,132.1
2025-06-08 00:13:06.302036,4836.84,2176.58,1692.89,967.37,50.05,132.7
2025-06-08 01:13:06.302036,5212.25,2345.51,1824.29,1042.45,49.95,131.5
2025-06-08 02:13:06.302036,4712.69,2120.71,1649.44,942.54,49.96,132.8
2025-06-08 03:13:06.302036,5142.74,2314.23,1799.96,1028.55,49.91,133.7
2025-06-08 04:13:06.302036,5291.06,2380.98,1851.87,1058.21,50.04,135.8
2025-06-08 05:13:06.302036,4763.47,2143.56,1667.22,952.69,49.88,128.4
2025-06-08 06:13:06.302036,11539.33,5192.7,4038.77,2307.87,50.07,131.9
2025-06-08 07:13:06.302036,10886.53,4898.94,3810.28,2177.31,49.89,136.9
2025-06-08 08:13:06.302036,10805.6,4862.52,3781.96,2161.12,50.01,133.5
2025-06-08 09:13:06.302036,10994.45,4947.5,3848.06,2198.89,50.02,130.4
2025-06-08 10:13:06.302036,8453.33,3804.0,2958.66,1690.67,50.19,134.7
2025-06-08 11:13:06.302036,8916.52,4012.43,3120.78,1783.3,49.95,130.0
2025-06-08 12:13:06.302036,8206.7,3693.02,2872.35,1641.34,50.01,134.2
2025-06-08 13:13:06.302036,7559.77,3401.9,2645.92,1511.95,50.15,131.7
2025-06-08 14:13:06.302036,8082.37,3637.07,2828.83,1616.47,49.9,128.7
2025-06-08 15:13:06.302036,8598.56,3869.35,3009.49,1719.71,50.01,129.4
2025-06-08 16:13:06.302036,7723.86,3475.74,2703.35,1544.77,49.97,135.3
2025-06-08 17:13:06.302036,8151.45,3668.15,2853.01,1630.29,49.85,131.5
2025-06-08 18:13:06.302036,11404.44,5132.0,3991.55,2280.89,49.73,131.9
2025-06-08 19:13:06.302036,11428.6,5142.87,4000.01,2285.72,50.07,135.7
2025-06-08 20:13:06.302036,12213.37,5496.02,4274.68,2442.67,49.97,129.8
2025-06-08 21:13:06.302036,13049.77,5872.4,4567.42,2609.95,50.01,132.0
2025-06-08 22:13:06.302036,11548.15,5196.67,4041.85,2309.63,50.02,131.7
2025-06-08 23:13:06.302036,8021.76,3609.79,2807.62,1604.35,49.95,131.9
2025-06-09 00:13:06.302036,5671.23,2552.05,1984.93,1134.25,49.93,132.2
2025-06-09 01:13:06.302036,5755.31,2589.89,2014.36,1151.06,50.15,126.7
2025-06-09 02:13:06.302036,6147.78,2766.5,2151.72,1229.56,50.12,127.9
2025-06-09 03:13:06.302036,5729.74,2578.38,2005.41,1145.95,49.96,129.2
2025-06-09 04:13:06.302036,5602.91,2521.31,1961.02,1120.58,49.89,135.5
2025-06-09 05:13:06.302036,6102.36,2746.06,2135.83,1220.47,50.13,133.4
2025-06-09 06:13:06.302036,11917.82,5363.02,4171.24,2383.56,49.95,133.0
2025-06-09 07:13:06.302036,11859.04,5336.57,4150.66,2371.81,50.07,131.5
2025-06-09 08:13:06.302036,12394.15,5577.37,4337.95,2478.83,50.07,132.9
2025-06-09 09:13:06.302036,12402.9,5581.31,4341.02,2480.58,50.12,129.8
2025-06-09 10:13:06.302036,10015.27,4506.87,3505.35,2003.05,50.06,131.4
2025-06-09 11:13:06.302036,9874.49,4443.52,3456.07,1974.9,49.87,133.8
2025-06-09 12:13:06.302036,9626.22,4331.8,3369.18,1925.24,49.95,134.1
2025-06-09 13:13:06.302036,9373.88,4218.25,3280.86,1874.78,49.86,128.9
2025-06-09 14:13:06.302036,10010.45,4504.7,3503.66,2002.09,49.87,135.5
2025-06-09 15:13:06.302036,8704.64,3917.09,3046.63,1740.93,50.17,132.4
2025-06-09 16:13:06.302036,9669.07,4351.08,3384.17,1933.81,49.95,132.8
2025-06-09 17:13:06.302036,9697.77,4364.0,3394.22,1939.55,50.11,132.2
2025-06-09 18:13:06.302036,13704.69,6167.11,4796.64,2740.94,49.96,131.9
2025-06-09 19:13:06.302036,13811.81,6215.32,4834.14,2762.36,49.83,129.3
2025-06-09 20:13:06.302036,14107.98,6348.59,4937.79,2821.6,50.02,131.6
2025-06-09 21:13:06.302036,13615.01,6126.75,4765.25,2723.0,50.03,130.9
2025-06-09 22:13:06.302036,13073.13,5882.91,4575.59,2614.63,50.02,130.0
2025-06-09 23:13:06.302036,9914.38,4461.47,3470.03,1982.88,49.83,134.1
2025-06-10 00:13:06.302036,5967.38,2685.32,2088.58,1193.48,50.03,134.0
2025-06-10 01:13:06.302036,6315.09,2841.79,2210.28,1263.02,50.1,128.3
2025-06-10 02:13:06.302036,5456.66,2455.5,1909.83,1091.33,49.94,132.1
2025-06-10 03:13:06.302036,5980.52,2691.23,2093.18,1196.1,49.93,132.4
2025-06-10 04:13:06.302036,5609.45,2524.25,1963.31,1121.89,49.94,129.2
2025-06-10 05:13:06.302036,5560.53,2502.24,1946.18,1112.11,49.86,130.0
2025-06-10 06:13:06.302036,13296.29,5983.33,4653.7,2659.26,49.91,137.3
2025-06-10 07:13:06.302036,12942.42,5824.09,4529.85,2588.48,50.02,130.3
2025-06-10 08:13:06.302036,13073.14,5882.91,4575.6,2614.63,49.94,132.2
2025-06-10 09:13:06.302036,14247.67,6411.45,4986.68,2849.53,49.99,134.3
2025-06-10 10:13:06.302036,9374.45,4218.5,3281.06,1874.89,50.0,135.5
2025-06-10 11:13:06.302036,9411.47,4235.16,3294.01,1882.29,50.18,133.4
2025-06-10 12:13:06.302036,9442.8,4249.26,3304.98,1888.56,50.06,133.9
2025-06-10 13:13:06.302036,10018.13,4508.16,3506.34,2003.63,49.84,130.5
2025-06-10 14:13:06.302036,9595.81,4318.11,3358.53,1919.16,49.99,133.2
2025-06-10 15:13:06.302036,9802.38,4411.07,3430.83,1960.48,49.87,132.8
2025-06-10 16:13:06.302036,10012.67,4505.7,3504.44,2002.53,50.06,134.2
2025-06-10 17:13:06.302036,10121.17,4554.53,3542.41,2024.23,50.05,131.9
2025-06-10 18:13:06.302036,12472.81,5612.77,4365.48,2494.56,50.04,132.4
2025-06-10 19:13:06.302036,13787.18,6204.23,4825.51,2757.44,49.87,129.8
2025-06-10 20:13:06.302036,14318.75,6443.44,5011.56,2863.75,50.0,133.4
2025-06-10 21:13:06.302036,13621.73,6129.78,4767.61,2724.35,50.0,133.9
2025-06-10 22:13:06.302036,13251.5,5963.17,4638.02,2650.3,50.01,131.1
2025-06-10 23:13:06.302036,9504.97,4277.24,3326.74,1900.99,49.97,132.4
2025-06-11 00:13:06.302036,5690.08,2560.54,1991.53,1138.02,50.13,130.2
2025-06-11 01:13:06.302036,5775.16,2598.82,2021.31,1155.03,49.96,134.9
2025-06-11 02:13:06.302036,5886.92,2649.12,2060.42,1177.38,50.1,129.0
2025-06-11 03:13:06.302036,5907.47,2658.36,2067.61,1181.49,50.09,132.2
2025-06-11 04:13:06.302036,6140.2,2763.09,2149.07,1228.04,49.95,134.8
2025-06-11 05:13:06.302036,6499.72,2924.87,2274.9,1299.94,49.96,131.1
2025-06-11 06:13:06.302036,13548.74,6096.93,4742.06,2709.75,50.16,131.0
2025-06-11 07:13:06.302036,12365.5,5564.47,4327.92,2473.1,49.97,129.3
2025-06-11 08:13:06.302036,12050.7,5422.81,4217.74,2410.14,49.9,130.5
2025-06-11 09:13:06.302036,12608.96,5674.03,4413.14,2521.79,50.02,135.1
2025-06-11 10:13:06.302036,9231.05,4153.97,3230.87,1846.21,50.1,131.6
2025-06-11 11:13:06.302036,9692.02,4361.41,3392.21,1938.4,50.07,129.8
2025-06-11 12:13:06.302036,9901.83,4455.82,3465.64,1980.37,50.02,133.0
2025-06-11 13:13:06.302036,9856.53,4435.44,3449.79,1971.31,50.25,130.7
2025-06-11 14:13:06.302036,9458.09,4256.14,3310.33,1891.62,49.94,130.9
2025-06-11 15:13:06.302036,9406.41,4232.88,3292.24,1881.28,50.12,134.8
2025-06-11 16:13:06.302036,9438.78,4247.45,3303.57,1887.76,49.92,132.9
2025-06-11 17:13:06.302036,9447.78,4251.5,3306.72,1889.56,50.06,132.4
2025-06-11 18:13:06.302036,12571.58,5657.21,4400.05,2514.32,50.15,135.6
2025-06-11 19:13:06.302036,13185.7,5933.56,4614.99,2637.14,49.96,132.6
2025-06-11 20:13:06.302036,13829.94,6223.47,4840.48,2765.99,50.07,136.0
2025-06-11 21:13:06.302036,13482.13,6066.96,4718.74,2696.43,49.92,129.2
2025-06-11 22:13:06.302036,13105.35,5897.41,4586.87,2621.07,50.0,135.6
2025-06-11 23:13:06.302036,9464.59,4259.07,3312.61,1892.92,50.02,132.0
2025-06-12 00:13:06.302036,6176.03,2779.21,2161.61,1235.21,50.25,130.9
2025-06-12 01:13:06.302036,5686.97,2559.14,1990.44,1137.39,50.1,133.4
2025-06-12 02:13:06.302036,6367.91,2865.56,2228.77,1273.58,50.06,131.3
2025-06-12 03:13:06.302036,6001.8,2700.81,2100.63,1200.36,50.11,133.6
2025-06-12 04:13:06.302036,5977.49,2689.87,2092.12,1195.5,50.11,134.3
2025-06-12 05:13:06.302036,6232.5,2804.63,2181.38,1246.5,50.06,131.7
2025-06-12 06:13:06.302036,12723.52,5725.58,4453.23,2544.7,50.12,130.4
2025-06-12 07:13:06.302036,12863.7,5788.66,4502.29,2572.74,49.96,132.1
2025-06-12 08:13:06.302036,13438.26,6047.22,4703.39,2687.65,50.02,132.1
2025-06-12 09:13:06.302036,11772.06,5297.43,4120.22,2354.41,50.07,133.3
2025-06-12 10:13:06.302036,10766.97,4845.13,3768.44,2153.39,49.97,132.4
2025-06-12 11:13:06.302036,9837.2,4426.74,3443.02,1967.44,50.16,131.8
2025-06-12 12:13:06.302036,9851.6,4433.22,3448.06,1970.32,50.06,132.4
2025-06-12 13:13:06.302036,9499.17,4274.63,3324.71,1899.83,50.02,134.1
2025-06-12 14:13:06.302036,9217.37,4147.82,3226.08,1843.47,50.01,130.6
2025-06-12 15:13:06.302036,10296.61,4633.47,3603.81,2059.32,49.85,130.9
2025-06-12 16:13:06.302036,9899.3,4454.69,3464.76,1979.86,50.16,131.9
2025-06-12 17:13:06.302036,9446.33,4250.85,3306.22,1889.27,50.19,129.1
2025-06-12 18:13:06.302036,12107.01,5448.16,4237.45,2421.4,50.04,131.0
2025-06-12 19:13:06.302036,12907.91,5808.56,4517.77,2581.58,50.07,132.5
2025-06-12 20:13:06.302036,13218.83,5948.47,4626.59,2643.77,49.87,133.7
2025-06-12 21:13:06.302036,14044.69,6320.11,4915.64,2808.94,49.99,135.7
2025-06-12 22:13:06.302036,12874.68,5793.61,4506.14,2574.94,49.85,130.6
2025-06-12 23:13:06.302036,9693.9,4362.26,3392.87,1938.78,50.02,131.5
2025-06-13 00:13:06.302036,5932.25,2669.51,2076.29,1186.45,49.87,134.9
2025-06-13 01:13:06.302036,5805.68,2612.56,2031.99,1161.14,50.11,132.7
2025-06-13 02:13:06.302036,5962.77,2683.24,2086.97,1192.55,50.06,132.9
2025-06-13 03:13:06.302036,6016.97,2707.64,2105.94,1203.39,50.13,132.4
2025-06-13 04:13:06.302036,6036.29,2716.33,2112.7,1207.26,49.99,134.9
2025-06-13 05:13:06.302036,5632.47,2534.61,1971.37,1126.49,50.18,131.9
2025-06-13 06:13:06.302036,11727.27,5277.27,4104.54,2345.45,50.01,130.6
2025-06-13 07:13:06.302036,13161.77,5922.8,4606.62,2632.35,49.93,131.1
2025-06-13 08:13:06.302036,11437.54,5146.89,4003.14,2287.51,49.95,127.2
2025-06-13 09:13:06.302036,11630.56,5233.75,4070.7,2326.11,50.08,133.6
2025-06-13 10:13:06.302036,9922.74,4465.23,3472.96,1984.55,49.9,131.9
2025-06-13 11:13:06.302036,9714.3,4371.44,3400.01,1942.86,49.88,135.0
2025-06-13 12:13:06.302036,10142.28,4564.02,3549.8,2028.46,49.98,132.1
2025-06-13 13:13:06.302036,9817.28,4417.78,3436.05,1963.46,49.8,131.5
2025-06-13 14:13:06.302036,9384.74,4223.13,3284.66,1876.95,49.9,131.4
2025-06-13 15:13:06.302036,10589.37,4765.22,3706.28,2117.87,50.06,130.9
2025-06-13 16:13:06.302036,9994.21,4497.4,3497.97,1998.84,50.14,133.8
2025-06-13 17:13:06.302036,9745.02,4385.26,3410.76,1949.0,49.94,133.4
2025-06-13 18:13:06.302036,13870.09,6241.54,4854.53,2774.02,50.09,133.3
2025-06-13 19:13:06.302036,14316.3,6442.33,5010.7,2863.26,49.95,134.6
2025-06-13 20:13:06.302036,13736.86,6181.59,4807.9,2747.37,50.21,130.6
2025-06-13 21:13:06.302036,14783.14,6652.41,5174.1,2956.63,50.02,130.7
2025-06-13 22:13:06.302036,13273.37,5973.02,4645.68,2654.67,49.97,132.8
2025-06-13 23:13:06.302036,9970.05,4486.52,3489.52,1994.01,49.94,132.0
2025-06-14 00:13:06.302036,5485.95,2468.68,1920.08,1097.19,50.17,132.9
2025-06-14 01:13:06.302036,4964.6,2234.07,1737.61,992.92,50.01,133.2
2025-06-14 02:13:06.302036,4701.78,2115.8,1645.62,940.36,49.97,128.7
2025-06-14 03:13:06.302036,5054.1,2274.34,1768.93,1010.82,50.06,131.0
2025-06-14 04:13:06.302036,5345.16,2405.32,1870.8,1069.03,49.88,129.1
2025-06-14 05:13:06.302036,5010.8,2254.86,1753.78,1002.16,50.1,135.4
2025-06-14 06:13:06.302036,10489.9,4720.46,3671.47,2097.98,50.11,131.9
2025-06-14 07:13:06.302036,10643.57,4789.61,3725.25,2128.71,50.09,133.3
2025-06-14 08:13:06.302036,9890.01,4450.5,3461.5,1978.0,50.15,134.8
2025-06-14 09:13:06.302036,10400.43,4680.19,3640.15,2080.09,50.04,133.0
2025-06-14 10:13:06.302036,8366.28,3764.83,2928.2,1673.26,49.94,130.7
2025-06-14 11:13:06.302036,8248.09,3711.64,2886.83,1649.62,50.12,133.1
2025-06-14 12:13:06.302036,8105.6,3647.52,2836.96,1621.12,50.08,126.3
2025-06-14 13:13:06.302036,8733.01,3929.85,3056.55,1746.6,49.83,131.3
2025-06-14 14:13:06.302036,7796.3,3508.33,2728.7,1559.26,49.87,134.3
2025-06-14 15:13:06.302036,8065.51,3629.48,2822.93,1613.1,50.03,131.9
2025-06-14 16:13:06.302036,8455.63,3805.03,2959.47,1691.13,50.01,129.4
2025-06-14 17:13:06.302036,8670.03,3901.52,3034.51,1734.01,49.95,128.9
2025-06-14 18:13:06.302036,11314.6,5091.57,3960.11,2262.92,50.15,133.7
2025-06-14 19:13:06.302036,11360.54,5112.24,3976.19,2272.11,49.97,131.4
2025-06-14 20:13:06.302036,12762.68,5743.21,4466.94,2552.54,50.04,132.9
2025-06-14 21:13:06.302036,12157.71,5470.97,4255.2,2431.54,50.02,131.5
2025-06-14 22:13:06.302036,11448.59,5151.87,4007.01,2289.72,49.99,131.9
2025-06-14 23:13:06.302036,8559.1,3851.6,2995.69,1711.82,50.01,133.5
2025-06-15 00:13:06.302036,4935.19,2220.83,1727.32,987.04,50.01,128.0
2025-06-15 01:13:06.302036,5182.21,2332.0,1813.78,1036.44,50.03,134.0
2025-06-15 02:13:06.302036,4237.61,1906.93,1483.16,847.52,50.21,131.7
2025-06-15 03:13:06.302036,5229.75,2353.39,1830.41,1045.95,49.9,133.2
2025-06-15 04:13:06.302036,4694.19,2112.39,1642.97,938.84,49.94,135.8
2025-06-15 05:13:06.302036,4907.94,2208.57,1717.78,981.59,50.02,133.7
2025-06-15 06:13:06.302036,11002.32,4951.05,3850.81,2200.46,50.02,132.7
2025-06-15 07:13:06.302036,12026.42,5411.89,4209.25,2405.28,49.99,132.4
2025-06-15 08:13:06.302036,11300.24,5085.11,3955.08,2260.05,50.11,134.4
2025-06-15 09:13:06.302036,11079.11,4985.6,3877.69,2215.82,49.89,135.3
2025-06-15 10:13:06.302036,7785.28,3503.38,2724.85,1557.06,50.03,130.5
2025-06-15 11:13:06.302036,8232.16,3704.47,2881.26,1646.43,50.03,132.6
2025-06-15 12:13:06.302036,8432.87,3794.79,2951.5,1686.57,50.16,132.9
2025-06-15 13:13:06.302036,8157.82,3671.02,2855.24,1631.56,50.1,134.4
2025-06-15 14:13:06.302036,7751.72,3488.28,2713.1,1550.34,50.06,133.4
2025-06-15 15:13:06.302036,8135.77,3661.1,2847.52,1627.15,50.14,131.7
2025-06-15 16:13:06.302036,8310.5,3739.72,2908.67,1662.1,49.98,132.0
2025-06-15 17:13:06.302036,7805.96,3512.68,2732.08,1561.19,49.86,135.2
2025-06-15 18:13:06.302036,11072.47,4982.61,3875.36,2214.49,49.9,127.7
2025-06-15 19:13:06.302036,11192.71,5036.72,3917.45,2238.54,49.87,135.3
2025-06-15 20:13:06.302036,12145.88,5465.65,4251.06,2429.18,49.93,136.5
2025-06-15 21:13:06.302036,12129.66,5458.35,4245.38,2425.93,49.97,127.0
2025-06-15 22:13:06.302036,12886.51,5798.93,4510.28,2577.3,49.86,128.7
2025-06-15 23:13:06.302036,8680.9,3906.4,3038.31,1736.18,50.24,134.8
2025-06-16 00:13:06.302036,5994.0,2697.3,2097.9,1198.8,50.06,133.7
2025-06-16 01:13:06.302036,6050.84,2722.88,2117.8,1210.17,50.03,132.2
2025-06-16 02:13:06.302036,5811.39,2615.12,2033.99,1162.28,49.92,131.4
2025-06-16 03:13:06.302036,5336.16,2401.27,1867.66,1067.23,49.99,130.0
2025-06-16 04:13:06.302036,5507.95,2478.58,1927.78,1101.59,50.02,134.8
2025-06-16 05:13:06.302036,6097.3,2743.79,2134.06,1219.46,49.84,130.0
2025-06-16 06:13:06.302036,13225.0,5951.25,4628.75,2645.0,49.9,131.6
2025-06-16 07:13:06.302036,12978.25,5840.21,4542.39,2595.65,49.9,132.2
2025-06-16 08:13:06.302036,11788.37,5304.77,4125.93,2357.67,49.94,132.6
2025-06-16 09:13:06.302036,11624.82,5231.17,4068.69,2324.96,50.04,132.0
2025-06-16 10:13:06.302036,9984.45,4493.0,3494.56,1996.89,50.02,134.7
2025-06-16 11:13:06.302036,9776.89,4399.6,3421.91,1955.38,49.96,132.2
2025-06-16 12:13:06.302036,9979.99,4490.99,3493.0,1996.0,50.0,132.1
2025-06-16 13:13:06.302036,9375.02,4218.76,3281.26,1875.0,49.93,129.2
2025-06-16 14:13:06.302036,10566.0,4754.7,3698.1,2113.2,49.88,130.6
2025-06-16 15:13:06.302036,9367.05,4215.17,3278.47,1873.41,50.09,131.4
2025-06-16 16:13:06.302036,10322.21,4644.99,3612.77,2064.44,49.93,132.6
2025-06-16 17:13:06.302036,9310.24,4189.61,3258.58,1862.05,50.21,129.6
2025-06-16 18:13:06.302036,13813.19,6215.93,4834.62,2762.64,50.06,132.8
2025-06-16 19:13:06.302036,13476.45,6064.4,4716.76,2695.29,49.99,132.1
2025-06-16 20:13:06.302036,13502.49,6076.12,4725.87,2700.5,50.1,136.4
2025-06-16 21:13:06.302036,13223.31,5950.49,4628.16,2644.66,49.86,131.8
2025-06-16 22:13:06.302036,15356.99,6910.65,5374.95,3071.4,49.92,135.3
2025-06-16 23:13:06.302036,10531.08,4738.99,3685.88,2106.22,49.94,133.1
2025-06-17 00:13:06.302036,6304.28,2836.93,2206.5,1260.86,49.96,131.6
2025-06-17 01:13:06.302036,5660.08,2547.04,1981.03,1132.02,49.9,130.7
2025-06-17 02:13:06.302036,5472.87,2462.79,1915.51,1094.57,50.0,130.5
2025-06-17 03:13:06.302036,5897.77,2654.0,2064.22,1179.55,49.84,132.7
2025-06-17 04:13:06.302036,6072.59,2732.66,2125.41,1214.52,49.8,132.7
2025-06-17 05:13:06.302036,6187.47,2784.36,2165.62,1237.49,49.88,135.3
2025-06-17 06:13:06.302036,12895.49,5802.97,4513.42,2579.1,49.93,131.9
2025-06-17 07:13:06.302036,12983.47,5842.56,4544.22,2596.69,50.01,133.1
2025-06-17 08:13:06.302036,12049.42,5422.24,4217.3,2409.88,50.02,129.2
2025-06-17 09:13:06.302036,12560.62,5652.28,4396.22,2512.12,49.91,130.5
2025-06-17 10:13:06.302036,10316.55,4642.45,3610.79,2063.31,50.11,133.2
2025-06-17 11:13:06.302036,9185.4,4133.43,3214.89,1837.08,49.97,134.4
2025-06-17 12:13:06.302036,9784.9,4403.2,3424.71,1956.98,50.23,132.8
2025-06-17 13:13:06.302036,9809.35,4414.21,3433.27,1961.87,49.97,132.3
2025-06-17 14:13:06.302036,9641.98,4338.89,3374.69,1928.4,50.07,133.9
2025-06-17 15:13:06.302036,9334.22,4200.4,3266.98,1866.84,49.87,128.3
2025-06-17 16:13:06.302036,9962.83,4483.28,3486.99,1992.57,49.89,127.7
2025-06-17 17:13:06.302036,9904.82,4457.17,3466.69,1980.96,50.25,132.0
2025-06-17 18:13:06.302036,14172.75,6377.74,4960.46,2834.55,50.01,131.8
2025-06-17 19:13:06.302036,14227.56,6402.4,4979.64,2845.51,49.97,132.5
2025-06-17 20:13:06.302036,13821.27,6219.57,4837.44,2764.25,49.93,134.0
2025-06-17 21:13:06.302036,13483.48,6067.56,4719.22,2696.7,49.92,133.1
2025-06-17 22:13:06.302036,12991.4,5846.13,4546.99,2598.28,50.0,132.0
2025-06-17 23:13:06.302036,10243.58,4609.61,3585.25,2048.72,50.05,131.9
2025-06-18 00:13:06.302036,6067.99,2730.6,2123.8,1213.6,50.14,133.1
2025-06-18 01:13:06.302036,5832.65,2624.69,2041.43,1166.53,49.87,129.9
2025-06-18 02:13:06.302036,5740.66,2583.3,2009.23,1148.13,49.94,131.6
2025-06-18 03:13:06.302036,5846.14,2630.76,2046.15,1169.23,50.05,131.9
2025-06-18 04:13:06.302036,5971.44,2687.15,2090.0,1194.29,50.01,128.0
2025-06-18 05:13:06.302036,5555.83,2500.12,1944.54,1111.17,49.99,129.6
2025-06-18 06:13:06.302036,13009.75,5854.39,4553.41,2601.95,50.15,134.4
2025-06-18 07:13:06.302036,12496.07,5623.23,4373.62,2499.21,50.15,132.3
2025-06-18 08:13:06.302036,12417.98,5588.09,4346.29,2483.6,49.94,131.4
2025-06-18 09:13:06.302036,12385.72,5573.57,4335.0,2477.14,50.02,132.3
2025-06-18 10:13:06.302036,9717.53,4372.89,3401.14,1943.51,50.04,134.4
2025-06-18 11:13:06.302036,10177.35,4579.81,3562.07,2035.47,49.85,126.9
2025-06-18 12:13:06.302036,10169.95,4576.48,3559.48,2033.99,49.86,131.6
2025-06-18 13:13:06.302036,9147.61,4116.42,3201.66,1829.52,49.82,133.1
2025-06-18 14:13:06.302036,10084.85,4538.18,3529.7,2016.97,49.94,126.8
2025-06-18 15:13:06.302036,9450.68,4252.81,3307.74,1890.14,50.04,129.0
2025-06-18 16:13:06.302036,9805.13,4412.31,3431.79,1961.03,50.0,133.2
2025-06-18 17:13:06.302036,9774.14,4398.36,3420.95,1954.83,49.9,134.4
2025-06-18 18:13:06.302036,13494.65,6072.59,4723.13,2698.93,50.0,130.1
2025-06-18 19:13:06.302036,13300.98,5985.44,4655.34,2660.2,49.91,131.7
2025-06-18 20:13:06.302036,14766.64,6644.99,5168.33,2953.33,49.86,128.8
2025-06-18 21:13:06.302036,14603.05,6571.37,5111.07,2920.61,49.98,130.7
2025-06-18 22:13:06.302036,14309.73,6439.38,5008.41,2861.95,49.94,135.7
2025-06-18 23:13:06.302036,10045.39,4520.43,3515.89,2009.08,49.95,136.3
2025-06-19 00:13:06.302036,5653.08,2543.88,1978.58,1130.62,50.07,132.6
2025-06-19 01:13:06.302036,6209.06,2794.08,2173.17,1241.81,50.16,132.1
2025-06-19 02:13:06.302036,5610.02,2524.51,1963.51,1122.0,50.05,130.6
2025-06-19 03:13:06.302036,6416.5,2887.42,2245.77,1283.3,50.01,131.3
2025-06-19 04:13:06.302036,5883.46,2647.56,2059.21,1176.69,49.87,130.1
2025-06-19 05:13:06.302036,6179.53,2780.79,2162.84,1235.91,49.93,129.9
2025-06-19 06:13:06.302036,12969.79,5836.4,4539.42,2593.96,50.12,133.4
2025-06-19 07:13:06.302036,13259.91,5966.96,4640.97,2651.98,49.92,129.2
2025-06-19 08:13:06.302036,13579.02,6110.56,4752.66,2715.8,49.97,131.5
2025-06-19 09:13:06.302036,13469.68,6061.36,4714.39,2693.94,50.06,132.9
2025-06-19 10:13:06.302036,10767.81,4845.52,3768.74,2153.56,49.94,133.9
2025-06-19 11:13:06.302036,9743.75,4384.69,3410.31,1948.75,50.03,135.1
2025-06-19 12:13:06.302036,9962.76,4483.24,3486.97,1992.55,50.05,134.1
2025-06-19 13:13:06.302036,9538.76,4292.44,3338.56,1907.75,49.92,129.9
2025-06-19 14:13:06.302036,8760.79,3942.36,3066.28,1752.16,50.21,129.8
2025-06-19 15:13:06.302036,9608.57,4323.85,3363.0,1921.71,49.97,132.6
2025-06-19 16:13:06.302036,10112.34,4550.55,3539.32,2022.47,50.09,130.8
2025-06-19 17:13:06.302036,9634.86,4335.69,3372.2,1926.97,50.03,131.5
2025-06-19 18:13:06.302036,14695.66,6613.05,5143.48,2939.13,50.05,133.5
2025-06-19 19:13:06.302036,14053.31,6323.99,4918.66,2810.66,50.12,132.4
2025-06-19 20:13:06.302036,12720.47,5724.21,4452.16,2544.09,50.04,130.7
2025-06-19 21:13:06.302036,13242.95,5959.33,4635.03,2648.59,50.06,134.5
2025-06-19 22:13:06.302036,13616.94,6127.62,4765.93,2723.39,50.03,135.4
2025-06-19 23:13:06.302036,9833.01,4424.85,3441.55,1966.6,50.26,133.1
2025-06-20 00:13:06.302036,5316.4,2392.38,1860.74,1063.28,50.08,132.8
2025-06-20 01:13:06.302036,6205.57,2792.51,2171.95,1241.11,50.07,131.7
2025-06-20 02:13:06.302036,5472.77,2462.75,1915.47,1094.55,49.98,130.3
2025-06-20 03:13:06.302036,5660.42,2547.19,1981.15,1132.08,50.06,135.3
2025-06-20 04:13:06.302036,5944.67,2675.1,2080.63,1188.93,49.88,132.9
2025-06-20 05:13:06.302036,6178.43,2780.29,2162.45,1235.69,49.94,131.7
2025-06-20 06:13:06.302036,12640.14,5688.06,4424.05,2528.03,49.92,133.3
2025-06-20 07:13:06.302036,12554.48,5649.52,4394.07,2510.9,50.04,130.2
2025-06-20 08:13:06.302036,12354.59,5559.57,4324.11,2470.92,50.07,131.3
2025-06-20 09:13:06.302036,13721.52,6174.68,4802.53,2744.3,49.96,132.4
2025-06-20 10:13:06.302036,10169.11,4576.1,3559.19,2033.82,49.86,128.5
2025-06-20 11:13:06.302036,8974.88,4038.7,3141.21,1794.98,50.13,130.9
2025-06-20 12:13:06.302036,10958.83,4931.47,3835.59,2191.77,49.94,132.4
2025-06-20 13:13:06.302036,10465.21,4709.35,3662.82,2093.04,50.2,136.1
2025-06-20 14:13:06.302036,10303.08,4636.39,3606.08,2060.62,50.1,133.2
2025-06-20 15:13:06.302036,10094.18,4542.38,3532.96,2018.84,49.94,130.4
2025-06-20 16:13:06.302036,9714.41,4371.49,3400.04,1942.88,49.98,131.1
2025-06-20 17:13:06.302036,10054.36,4524.46,3519.03,2010.87,50.1,132.2
2025-06-20 18:13:06.302036,14607.37,6573.32,5112.58,2921.47,49.89,131.6
2025-06-20 19:13:06.302036,13114.94,5901.72,4590.23,2622.99,49.81,131.8
2025-06-20 20:13:06.302036,13519.67,6083.85,4731.88,2703.93,50.15,133.3
2025-06-20 21:13:06.302036,12905.9,5807.65,4517.06,2581.18,50.19,134.4
2025-06-20 22:13:06.302036,13998.37,6299.27,4899.43,2799.67,49.98,130.1
2025-06-20 23:13:06.302036,9535.23,4290.85,3337.33,1907.05,50.11,135.8
2025-06-21 00:13:06.302036,5337.54,2401.89,1868.14,1067.51,49.95,129.8
2025-06-21 01:13:06.302036,4990.09,2245.54,1746.53,998.02,49.82,132.6
2025-06-21 02:13:06.302036,4918.62,2213.38,1721.52,983.72,49.95,128.8
2025-06-21 03:13:06.302036,5082.44,2287.1,1778.85,1016.49,49.95,129.7
2025-06-21 04:13:06.302036,4243.56,1909.6,1485.24,848.71,50.0,135.5
2025-06-21 05:13:06.302036,5366.78,2415.05,1878.37,1073.36,49.95,130.8
2025-06-21 06:13:06.302036,10987.88,4944.55,3845.76,2197.58,49.9,132.6
2025-06-21 07:13:06.302036,11147.48,5016.36,3901.62,2229.5,50.12,131.8
2025-06-21 08:13:06.302036,10626.9,4782.11,3719.42,2125.38,49.91,130.3
2025-06-21 09:13:06.302036,10614.66,4776.6,3715.13,2122.93,50.04,133.8
2025-06-21 10:13:06.302036,7926.98,3567.14,2774.44,1585.4,50.15,131.5
2025-06-21 11:13:06.302036,8249.82,3712.42,2887.44,1649.96,49.93,127.2
2025-06-21 12:13:06.302036,8623.69,3880.66,3018.29,1724.74,50.07,131.4
2025-06-21 13:13:06.302036,8286.31,3728.84,2900.21,1657.26,50.05,128.9
2025-06-21 14:13:06.302036,8040.18,3618.08,2814.06,1608.04,50.08,129.5
2025-06-21 15:13:06.302036,8379.86,3770.94,2932.95,1675.97,49.86,132.9
2025-06-21 16:13:06.302036,8243.93,3709.77,2885.37,1648.79,49.84,134.3
2025-06-21 17:13:06.302036,7955.31,3579.89,2784.36,1591.06,49.92,132.4
2025-06-21 18:13:06.302036,12226.13,5501.76,4279.15,2445.23,49.9,132.1
2025-06-21 19:13:06.302036,11810.0,5314.5,4133.5,2362.0,50.07,132.4
2025-06-21 20:13:06.302036,11349.92,5107.46,3972.47,2269.98,49.92,132.2
2025-06-21 21:13:06.302036,10942.29,4924.03,3829.8,2188.46,49.71,132.9
2025-06-21 22:13:06.302036,12084.67,5438.1,4229.63,2416.93,49.76,130.0
2025-06-21 23:13:06.302036,8514.31,3831.44,2980.01,1702.86,50.21,132.0
2025-06-22 00:13:06.302036,4774.82,2148.67,1671.19,954.96,49.98,134.7
2025-06-22 01:13:06.302036,4795.14,2157.81,1678.3,959.03,49.92,131.0
2025-06-22 02:13:06.302036,4718.99,2123.55,1651.65,943.8,50.01,135.2
2025-06-22 03:13:06.302036,5035.23,2265.85,1762.33,1007.05,49.97,131.4
2025-06-22 04:13:06.302036,4567.89,2055.55,1598.76,913.58,50.09,131.8
2025-06-22 05:13:06.302036,4910.47,2209.71,1718.66,982.09,50.32,132.6
2025-06-22 06:13:06.302036,10332.67,4649.7,3616.43,2066.53,49.96,134.3
2025-06-22 07:13:06.302036,10797.04,4858.67,3778.96,2159.41,49.86,133.8
2025-06-22 08:13:06.302036,10377.57,4669.91,3632.15,2075.51,50.19,134.2
2025-06-22 09:13:06.302036,10496.11,4723.25,3673.64,2099.22,50.13,132.1
2025-06-22 10:13:06.302036,8610.78,3874.85,3013.77,1722.16,50.05,130.3
2025-06-22 11:13:06.302036,7992.9,3596.81,2797.52,1598.58,50.1,131.3
2025-06-22 12:13:06.302036,8091.96,3641.38,2832.19,1618.39,49.9,132.8
2025-06-22 13:13:06.302036,9110.33,4099.65,3188.61,1822.07,49.89,132.0
2025-06-22 14:13:06.302036,8841.79,3978.81,3094.63,1768.36,49.99,132.9
2025-06-22 15:13:06.302036,7819.95,3518.98,2736.98,1563.99,50.04,131.6
2025-06-22 16:13:06.302036,8665.68,3899.56,3032.99,1733.14,50.12,137.2
2025-06-22 17:13:06.302036,8497.99,3824.1,2974.3,1699.6,50.03,132.4
2025-06-22 18:13:06.302036,11357.93,5111.07,3975.28,2271.59,50.03,131.4
2025-06-22 19:13:06.302036,11659.49,5246.77,4080.82,2331.9,50.13,130.0
2025-06-22 20:13:06.302036,12221.07,5499.48,4277.37,2444.21,50.13,131.8
2025-06-22 21:13:06.302036,10335.45,4650.95,3617.41,2067.09,49.94,134.6
2025-06-22 22:13:06.302036,11548.88,5197.0,4042.11,2309.78,49.9,131.0
2025-06-22 23:13:06.302036,8605.76,3872.59,3012.02,1721.15,50.05,131.5
2025-06-23 00:13:06.302036,5722.71,2575.22,2002.95,1144.54,49.96,130.2
2025-06-23 01:13:06.302036,6300.48,2835.22,2205.17,1260.1,49.97,134.4
2025-06-23 02:13:06.302036,6273.07,2822.88,2195.57,1254.61,50.1,131.1
2025-06-23 03:13:06.302036,5947.31,2676.29,2081.56,1189.46,50.0,130.2
2025-06-23 04:13:06.302036,5924.18,2665.88,2073.46,1184.84,49.88,134.4
2025-06-23 05:13:06.302036,5694.2,2562.39,1992.97,1138.84,50.02,132.6
2025-06-23 06:13:06.302036,12467.36,5610.31,4363.57,2493.47,50.06,131.1
2025-06-23 07:13:06.302036,13181.13,5931.51,4613.39,2636.23,49.87,132.3
2025-06-23 08:13:06.302036,13855.38,6234.92,4849.38,2771.08,49.9,130.6
2025-06-23 09:13:06.302036,12955.42,5829.94,4534.4,2591.08,50.02,132.7
2025-06-23 10:13:06.302036,9953.7,4479.16,3483.79,1990.74,50.06,134.2
2025-06-23 11:13:06.302036,9915.14,4461.81,3470.3,1983.03,49.98,133.3
2025-06-23 12:13:06.302036,10639.02,4787.56,3723.66,2127.8,49.99,130.1
2025-06-23 13:13:06.302036,10253.87,4614.24,3588.86,2050.77,49.99,127.7
2025-06-23 14:13:06.302036,10127.73,4557.48,3544.71,2025.55,49.95,131.8
2025-06-23 15:13:06.302036,9877.33,4444.8,3457.06,1975.47,50.02,133.4
2025-06-23 16:13:06.302036,9504.49,4277.02,3326.57,1900.9,50.05,131.5
2025-06-23 17:13:06.302036,10074.97,4533.74,3526.24,2014.99,50.06,130.1
2025-06-23 18:13:06.302036,14341.07,6453.48,5019.38,2868.21,49.95,133.6
2025-06-23 19:13:06.302036,13852.27,6233.52,4848.3,2770.45,50.18,131.6
2025-06-23 20:13:06.302036,13364.89,6014.2,4677.71,2672.98,50.0,131.4
2025-06-23 21:13:06.302036,14146.53,6365.94,4951.29,2829.31,49.84,129.9
2025-06-23 22:13:06.302036,12876.23,5794.3,4506.68,2575.25,50.1,135.4
2025-06-23 23:13:06.302036,9665.31,4349.39,3382.86,1933.06,49.98,132.1
2025-06-24 00:13:06.302036,6168.3,2775.73,2158.9,1233.66,49.91,132.5
2025-06-24 01:13:06.302036,6113.88,2751.25,2139.86,1222.78,50.05,132.4
2025-06-24 02:13:06.302036,6121.42,2754.64,2142.5,1224.28,49.73,133.4
2025-06-24 03:13:06.302036,5638.98,2537.54,1973.64,1127.8,49.82,133.0
2025-06-24 04:13:06.302036,6230.03,2803.51,2180.51,1246.01,49.99,133.9
2025-06-24 05:13:06.302036,6299.58,2834.81,2204.85,1259.92,50.13,135.3
2025-06-24 06:13:06.302036,13099.55,5894.8,4584.84,2619.91,50.01,128.8
2025-06-24 07:13:06.302036,12475.47,5613.96,4366.41,2495.09,49.92,136.3
2025-06-24 08:13:06.302036,12519.79,5633.9,4381.93,2503.96,50.01,133.1
2025-06-24 09:13:06.302036,12658.4,5696.28,4430.44,2531.68,50.17,130.8
2025-06-24 10:13:06.302036,9810.59,4414.77,3433.71,1962.12,49.93,129.4
2025-06-24 11:13:06.302036,9418.85,4238.48,3296.6,1883.77,50.0,131.1
2025-06-24 12:13:06.302036,9379.67,4220.85,3282.88,1875.93,49.86,131.8
2025-06-24 13:13:06.302036,8985.05,4043.27,3144.77,1797.01,50.08,132.2
2025-06-24 14:13:06.302036,9007.97,4053.59,3152.79,1801.59,49.97,130.5
2025-06-24 15:13:06.302036,9871.11,4442.0,3454.89,1974.22,50.13,128.2
2025-06-24 16:13:06.302036,9771.93,4397.37,3420.18,1954.39,49.98,133.3
2025-06-24 17:13:06.302036,9819.62,4418.83,3436.87,1963.92,49.92,131.4
2025-06-24 18:13:06.302036,13061.08,5877.48,4571.38,2612.22,50.11,132.0
2025-06-24 19:13:06.302036,14895.52,6702.98,5213.43,2979.1,49.99,130.6
2025-06-24 20:13:06.302036,12572.96,5657.83,4400.54,2514.59,49.82,128.8
2025-06-24 21:13:06.302036,13784.15,6202.87,4824.45,2756.83,50.05,128.8
2025-06-24 22:13:06.302036,14211.21,6395.04,4973.92,2842.24,49.95,132.3
2025-06-24 23:13:06.302036,10499.27,4724.67,3674.75,2099.85,50.09,131.5
2025-06-25 00:13:06.302036,5569.86,2506.44,1949.45,1113.97,49.78,130.6
2025-06-25 01:13:06.302036,5768.09,2595.64,2018.83,1153.62,49.9,131.7
2025-06-25 02:13:06.302036,5852.03,2633.41,2048.21,1170.41,49.98,130.7
2025-06-25 03:13:06.302036,5878.79,2645.46,2057.58,1175.76,50.04,129.8
2025-06-25 04:13:06.302036,6240.89,2808.4,2184.31,1248.18,49.99,132.0
2025-06-25 05:13:06.302036,6036.06,2716.23,2112.62,1207.21,50.02,133.9
2025-06-25 06:13:06.302036,12812.2,5765.49,4484.27,2562.44,49.94,132.7
2025-06-25 07:13:06.302036,11908.55,5358.85,4167.99,2381.71,50.01,131.9
2025-06-25 08:13:06.302036,12499.43,5624.74,4374.8,2499.89,49.99,128.2
2025-06-25 09:13:06.302036,12284.32,5527.95,4299.51,2456.86,50.01,132.3
2025-06-25 10:13:06.302036,9216.8,4147.56,3225.88,1843.36,50.13,130.3
2025-06-25 11:13:06.302036,10187.02,4584.16,3565.46,2037.4,50.04,130.7
2025-06-25 12:13:06.302036,10578.5,4760.33,3702.48,2115.7,49.88,133.8
2025-06-25 13:13:06.302036,10202.14,4590.96,3570.75,2040.43,49.93,134.8
2025-06-25 14:13:06.302036,9594.58,4317.56,3358.1,1918.92,50.03,132.5
2025-06-25 15:13:06.302036,9650.8,4342.86,3377.78,1930.16,50.08,133.6
2025-06-25 16:13:06.302036,8866.61,3989.97,3103.31,1773.32,50.13,128.7
2025-06-25 17:13:06.302036,10217.66,4597.95,3576.18,2043.53,50.11,129.8
2025-06-25 18:13:06.302036,13323.07,5995.38,4663.07,2664.61,49.89,131.6
2025-06-25 19:13:06.302036,13392.97,6026.84,4687.54,2678.59,50.08,134.6
2025-06-25 20:13:06.302036,14551.71,6548.27,5093.1,2910.34,49.94,131.6
2025-06-25 21:13:06.302036,12457.53,5605.89,4360.13,2491.51,49.92,133.9
2025-06-25 22:13:06.302036,14701.27,6615.57,5145.44,2940.25,49.88,130.8
2025-06-25 23:13:06.302036,9703.22,4366.45,3396.13,1940.64,50.03,130.4
2025-06-26 00:13:06.302036,5953.24,2678.96,2083.63,1190.65,49.95,132.0
2025-06-26 01:13:06.302036,5988.86,2694.99,2096.1,1197.77,50.0,131.1
2025-06-26 02:13:06.302036,5797.68,2608.96,2029.19,1159.54,49.99,131.3
2025-06-26 03:13:06.302036,5754.2,2589.39,2013.97,1150.84,50.16,133.1
2025-06-26 04:13:06.302036,5743.5,2584.58,2010.23,1148.7,50.07,131.3
2025-06-26 05:13:06.302036,6171.57,2777.21,2160.05,1234.31,50.04,131.8
2025-06-26 06:13:06.302036,12913.62,5811.13,4519.77,2582.72,49.84,129.7
2025-06-26 07:13:06.302036,11876.85,5344.58,4156.9,2375.37,50.01,135.5
2025-06-26 08:13:06.302036,14040.03,6318.01,4914.01,2808.01,50.06,133.0
2025-06-26 09:13:06.302036,11493.42,5172.04,4022.7,2298.68,49.95,130.4
2025-06-26 10:13:06.302036,9414.44,4236.5,3295.05,1882.89,49.98,131.1
2025-06-26 11:13:06.302036,8754.5,3939.53,3064.08,1750.9,50.07,129.9
2025-06-26 12:13:06.302036,9832.28,4424.52,3441.3,1966.46,50.21,130.2
2025-06-26 13:13:06.302036,8486.83,3819.07,2970.39,1697.37,49.97,134.2
2025-06-26 14:13:06.302036,10667.42,4800.34,3733.6,2133.48,49.88,133.0
2025-06-26 15:13:06.302036,9490.0,4270.5,3321.5,1898.0,49.99,137.3
2025-06-26 16:13:06.302036,8985.9,4043.66,3145.07,1797.18,50.03,132.9
2025-06-26 17:13:06.302036,10243.53,4609.59,3585.23,2048.71,50.01,132.6
2025-06-26 18:13:06.302036,13336.1,6001.25,4667.64,2667.22,50.03,131.3
2025-06-26 19:13:06.302036,14025.22,6311.35,4908.83,2805.04,49.96,132.8
2025-06-26 20:13:06.302036,13582.57,6112.16,4753.9,2716.51,50.11,131.9
2025-06-26 21:13:06.302036,12396.59,5578.47,4338.81,2479.32,50.13,130.2
2025-06-26 22:13:06.302036,13157.83,5921.02,4605.24,2631.57,49.94,134.7
2025-06-26 23:13:06.302036,8678.53,3905.34,3037.49,1735.71,50.31,134.1
2025-06-27 00:13:06.302036,5894.7,2652.62,2063.15,1178.94,49.99,132.6
2025-06-27 01:13:06.302036,5981.53,2691.69,2093.53,1196.31,50.06,133.1
2025-06-27 02:13:06.302036,5855.74,2635.08,2049.51,1171.15,49.98,131.7
2025-06-27 03:13:06.302036,5772.82,2597.77,2020.49,1154.56,50.11,133.2
2025-06-27 04:13:06.302036,4972.56,2237.65,1740.4,994.51,50.07,132.4
2025-06-27 05:13:06.302036,5824.18,2620.88,2038.46,1164.84,49.96,134.2
2025-06-27 06:13:06.302036,13229.27,5953.17,4630.24,2645.85,49.92,132.8
2025-06-27 07:13:06.302036,12017.22,5407.75,4206.03,2403.44,49.86,130.7
2025-06-27 08:13:06.302036,13175.5,5928.98,4611.43,2635.1,50.1,133.0
2025-06-27 09:13:06.302036,13088.8,5889.96,4581.08,2617.76,50.05,130.7
2025-06-27 10:13:06.302036,9925.88,4466.65,3474.06,1985.18,50.08,133.5
2025-06-27 11:13:06.302036,10293.63,4632.13,3602.77,2058.73,50.07,132.7
2025-06-27 12:13:06.302036,10235.93,4606.17,3582.58,2047.19,50.0,130.2
2025-06-27 13:13:06.302036,9636.83,4336.57,3372.89,1927.37,49.93,130.6
2025-06-27 14:13:06.302036,9645.84,4340.63,3376.05,1929.17,49.92,131.4
2025-06-27 15:13:06.302036,8796.13,3958.26,3078.64,1759.23,50.02,132.0
2025-06-27 16:13:06.302036,9319.11,4193.6,3261.69,1863.82,50.07,133.9
2025-06-27 17:13:06.302036,8935.09,4020.79,3127.28,1787.02,49.92,130.5
2025-06-27 18:13:06.302036,12963.22,5833.45,4537.13,2592.64,50.08,131.6
2025-06-27 19:13:06.302036,13422.57,6040.16,4697.9,2684.51,49.8,133.3
2025-06-27 20:13:06.302036,12759.62,5741.83,4465.87,2551.92,50.01,132.6
2025-06-27 21:13:06.302036,14527.89,6537.55,5084.76,2905.58,49.87,126.0
2025-06-27 22:13:06.302036,13727.51,6177.38,4804.63,2745.5,50.18,134.5
2025-06-27 23:13:06.302036,9817.9,4418.06,3436.27,1963.58,49.95,133.6
2025-06-28 00:13:06.302036,4713.98,2121.29,1649.89,942.8,50.05,133.0
2025-06-28 01:13:06.302036,5217.86,2348.04,1826.25,1043.57,50.28,132.8
2025-06-28 02:13:06.302036,4829.09,2173.09,1690.18,965.82,50.0,128.5
2025-06-28 03:13:06.302036,4783.06,2152.38,1674.07,956.61,49.96,131.0
2025-06-28 04:13:06.302036,4992.93,2246.82,1747.53,998.59,49.92,134.2
2025-06-28 05:13:06.302036,4955.24,2229.86,1734.33,991.05,50.0,131.3
2025-06-28 06:13:06.302036,10819.54,4868.79,3786.84,2163.91,50.08,130.3
2025-06-28 07:13:06.302036,10382.95,4672.33,3634.03,2076.59,49.97,129.3
2025-06-28 08:13:06.302036,10296.45,4633.4,3603.76,2059.29,49.95,133.7
2025-06-28 09:13:06.302036,10877.18,4894.73,3807.01,2175.44,50.02,133.7
2025-06-28 10:13:06.302036,8201.92,3690.86,2870.67,1640.38,50.04,131.8
2025-06-28 11:13:06.302036,8368.22,3765.7,2928.88,1673.64,49.94,127.1
2025-06-28 12:13:06.302036,8203.19,3691.44,2871.12,1640.64,50.14,133.9
2025-06-28 13:13:06.302036,8657.29,3895.78,3030.05,1731.46,50.12,132.2
2025-06-28 14:13:06.302036,8340.12,3753.05,2919.04,1668.02,49.94,131.4
2025-06-28 15:13:06.302036,8512.91,3830.81,2979.52,1702.58,50.12,131.7
2025-06-28 16:13:06.302036,8072.75,3632.74,2825.46,1614.55,50.0,133.2
2025-06-28 17:13:06.302036,7662.43,3448.09,2681.85,1532.49,49.77,130.9
2025-06-28 18:13:06.302036,10856.4,4885.38,3799.74,2171.28,49.95,131.7
2025-06-28 19:13:06.302036,11300.08,5085.03,3955.03,2260.02,50.15,132.7
2025-06-28 20:13:06.302036,11735.81,5281.11,4107.53,2347.16,50.06,129.7
2025-06-28 21:13:06.302036,12162.82,5473.27,4256.99,2432.56,49.99,133.3
2025-06-28 22:13:06.302036,10942.45,4924.1,3829.86,2188.49,49.84,133.6
2025-06-28 23:13:06.302036,8414.07,3786.33,2944.93,1682.81,49.91,130.3
2025-06-29 00:13:06.302036,5234.02,2355.31,1831.91,1046.8,49.88,135.3
2025-06-29 01:13:06.302036,4732.05,2129.42,1656.22,946.41,50.06,131.3
2025-06-29 02:13:06.302036,5104.63,2297.08,1786.62,1020.93,49.95,131.7
2025-06-29 03:13:06.302036,4965.32,2234.4,1737.86,993.06,49.9,133.5
2025-06-29 04:13:06.302036,4828.03,2172.61,1689.81,965.61,49.98,130.0
2025-06-29 05:13:06.302036,4320.34,1944.15,1512.12,864.07,49.98,136.8
2025-06-29 06:13:06.302036,11157.42,5020.84,3905.1,2231.48,50.0,131.5
2025-06-29 07:13:06.302036,10748.3,4836.73,3761.9,2149.66,50.05,129.6
2025-06-29 08:13:06.302036,11334.42,5100.49,3967.05,2266.88,50.07,133.4
2025-06-29 09:13:06.302036,10971.62,4937.23,3840.07,2194.32,50.0,133.3
2025-06-29 10:13:06.302036,8503.02,3826.36,2976.06,1700.6,49.96,130.9
2025-06-29 11:13:06.302036,8300.7,3735.32,2905.25,1660.14,50.15,129.5
2025-06-29 12:13:06.302036,7652.65,3443.69,2678.43,1530.53,50.02,132.1
2025-06-29 13:13:06.302036,8330.22,3748.6,2915.58,1666.04,50.02,131.6
2025-06-29 14:13:06.302036,8873.86,3993.24,3105.85,1774.77,49.84,130.3
2025-06-29 15:13:06.302036,8216.01,3697.2,2875.6,1643.2,49.84,131.6
2025-06-29 16:13:06.302036,8944.72,4025.12,3130.65,1788.94,50.0,132.5
2025-06-29 17:13:06.302036,7738.28,3482.23,2708.4,1547.66,49.94,131.2
2025-06-29 18:13:06.302036,11378.43,5120.29,3982.45,2275.69,50.13,133.1
2025-06-29 19:13:06.302036,10919.56,4913.8,3821.85,2183.91,50.02,133.0
